{"n_items": 11, "gamma": 10, "optimal_solution": [1.0, 0.0, 1.0, 0.0, 1.0, 1.0, 0.0, 0.0, 0.0, 1.0, 0.0], "optimal_objective": 423.6614821577466, "budget": 155.98530329711983, "profits": [59.774767415086366, 41.721659131703234, 68.5766833515967, 67.51629905051823, 85.32505459354863, 74.0410827435386, 68.20582302242317, 72.61946982152143, 59.84352792968314, 38.70394540074128, 39.49608247256473], "costs": [[2.889040127531622, 5.489176242310082], [38.37152566800063, 61.39444106880101], [19.123981430461193, 36.33556471787627], [39.85461231110942, 63.76737969777508], [30.341589528436504, 57.649020104029354], [1.9386982931930412, 3.101917269108866], [29.254390241551093, 55.583341458947075], [42.7621430263518, 81.24807175006842], [44.43890373416636, 71.10224597466618], [20.302834895500666, 26.393685364150866], [42.69288733793731, 55.5007535393185]], "polynomial_gains": {"(4, 5)": 42.11581187040046, "(0, 5)": 15.511829394762882, "(0, 10)": 44.54886146467329, "(10, 0)": 26.59038368279174, "(1, 8)": 6.048994790191498, "(3, 6)": 42.92871221054551, "(0, 4)": 29.63447607342443, "(0, 9)": 46.7065757053928, "(2, 9)": 34.283332258395276, "(3, 4)": 5.610836709998317, "(5, 9)": 31.514635491472724, "(2, 0, 9)": 26.442651556861925, "(4, 10, 8)": 30.064861663106573, "(2, 5, 3)": 11.711224635510861, "(4, 1, 0)": 18.100822559045476, "(10, 6, 8)": 23.670682997908585, "(6, 4, 1, 8)": 5.003639541805634, "(9, 4, 10, 0)": 21.36063308956948, "(5, 9, 0, 8)": 19.740766642011774, "(2, 4, 8, 7, 10)": 1.9518477220188206, "(10, 4, 2, 9, 8)": 12.23675839673291, "(3, 0, 8, 6, 5, 2)": 6.766149926258996, "(3, 4, 5, 6, 1, 10)": 3.914125160819408, "(10, 6, 4, 8, 5, 1, 7)": 9.030953406800812, "(7, 6, 1, 5, 2, 10, 9, 4)": 12.145506113197632, "(1, 9, 0, 4, 10, 3, 5, 8, 2)": 6.5810282174925945, "(8, 10, 0, 4, 7, 5, 2, 1, 3, 6)": 2.0197168117244173}}